"strain","ref.5prime","ref","ref.3prime","strand","m_{s,c}","n_c","t_s"
"DmutS3610","A","C","A","lagging",30,62758,38000
"DmutS3610","A","C","A","leading",16,61289,38000
"DmutS3610","A","C","C","lagging",21,31500,38000
"DmutS3610","A","C","C","leading",10,39446,38000
"DmutS3610","A","C","G","lagging",59,44607,38000
"DmutS3610","A","C","G","leading",27,39287,38000
"DmutS3610","A","C","T","lagging",7,32817,38000
"DmutS3610","A","C","T","leading",3,36724,38000
"DmutS3610","A","T","A","lagging",23,65831,38000
"DmutS3610","A","T","A","leading",36,72301,38000
"DmutS3610","A","T","C","lagging",39,70312,38000
"DmutS3610","A","T","C","leading",78,79426,38000
"DmutS3610","A","T","G","lagging",84,80118,38000
"DmutS3610","A","T","G","leading",194,67914,38000
"DmutS3610","A","T","T","lagging",16,91909,38000
"DmutS3610","A","T","T","leading",16,88515,38000
"DmutS3610","C","C","A","lagging",101,37930,38000
"DmutS3610","C","C","A","leading",55,51511,38000
"DmutS3610","C","C","C","lagging",58,21836,38000
"DmutS3610","C","C","C","leading",48,38623,38000
"DmutS3610","C","C","G","lagging",338,49448,38000
"DmutS3610","C","C","G","leading",165,59627,38000
"DmutS3610","C","C","T","lagging",45,36419,38000
"DmutS3610","C","C","T","leading",30,53283,38000
"DmutS3610","C","T","A","lagging",18,23915,38000
"DmutS3610","C","T","A","leading",16,24437,38000
"DmutS3610","C","T","C","lagging",17,34405,38000
"DmutS3610","C","T","C","leading",47,51031,38000
"DmutS3610","C","T","G","lagging",92,65134,38000
"DmutS3610","C","T","G","leading",221,65953,38000
"DmutS3610","C","T","T","lagging",13,68199,38000
"DmutS3610","C","T","T","leading",23,90354,38000
"DmutS3610","G","C","A","lagging",190,63220,38000
"DmutS3610","G","C","A","leading",75,61708,38000
"DmutS3610","G","C","C","lagging",178,47636,38000
"DmutS3610","G","C","C","leading",100,57565,38000
"DmutS3610","G","C","G","lagging",340,52587,38000
"DmutS3610","G","C","G","leading",121,43797,38000
"DmutS3610","G","C","T","lagging",144,70004,38000
"DmutS3610","G","C","T","leading",79,70361,38000
"DmutS3610","G","T","A","lagging",65,37481,38000
"DmutS3610","G","T","A","leading",82,36120,38000
"DmutS3610","G","T","C","lagging",38,38768,38000
"DmutS3610","G","T","C","leading",100,43484,38000
"DmutS3610","G","T","G","lagging",138,42957,38000
"DmutS3610","G","T","G","leading",260,32414,38000
"DmutS3610","G","T","T","lagging",28,57518,38000
"DmutS3610","G","T","T","leading",43,59633,38000
"DmutS3610","T","C","A","lagging",34,76448,38000
"DmutS3610","T","C","A","leading",28,93314,38000
"DmutS3610","T","C","C","lagging",24,44655,38000
"DmutS3610","T","C","C","leading",28,67385,38000
"DmutS3610","T","C","G","lagging",52,43794,38000
"DmutS3610","T","C","G","leading",32,47733,38000
"DmutS3610","T","C","T","lagging",8,52417,38000
"DmutS3610","T","C","T","leading",8,71407,38000
"DmutS3610","T","T","A","lagging",28,64194,38000
"DmutS3610","T","T","A","leading",49,58572,38000
"DmutS3610","T","T","C","lagging",52,73855,38000
"DmutS3610","T","T","C","leading",168,105932,38000
"DmutS3610","T","T","G","lagging",142,79609,38000
"DmutS3610","T","T","G","leading",244,74083,38000
"DmutS3610","T","T","T","lagging",4,128811,38000
"DmutS3610","T","T","T","leading",16,160412,38000
"MMR-","A","C","A","lagging",3,62758,6453.05427535676
"MMR-","A","C","A","leading",1,61289,6453.05427535676
"MMR-","A","C","C","lagging",1,31500,6453.05427535676
"MMR-","A","C","C","leading",0,39446,6453.05427535676
"MMR-","A","C","G","lagging",6,44607,6453.05427535676
"MMR-","A","C","G","leading",3,39287,6453.05427535676
"MMR-","A","C","T","lagging",1,32817,6453.05427535676
"MMR-","A","C","T","leading",0,36724,6453.05427535676
"MMR-","A","T","A","lagging",3,65831,6453.05427535676
"MMR-","A","T","A","leading",7,72301,6453.05427535676
"MMR-","A","T","C","lagging",1,70312,6453.05427535676
"MMR-","A","T","C","leading",2,79426,6453.05427535676
"MMR-","A","T","G","lagging",10,80118,6453.05427535676
"MMR-","A","T","G","leading",12,67914,6453.05427535676
"MMR-","A","T","T","lagging",2,91909,6453.05427535676
"MMR-","A","T","T","leading",1,88515,6453.05427535676
"MMR-","C","C","A","lagging",10,37930,6453.05427535676
"MMR-","C","C","A","leading",4,51511,6453.05427535676
"MMR-","C","C","C","lagging",6,21836,6453.05427535676
"MMR-","C","C","C","leading",5,38623,6453.05427535676
"MMR-","C","C","G","lagging",32,49448,6453.05427535676
"MMR-","C","C","G","leading",18,59627,6453.05427535676
"MMR-","C","C","T","lagging",5,36419,6453.05427535676
"MMR-","C","C","T","leading",2,53283,6453.05427535676
"MMR-","C","T","A","lagging",0,23915,6453.05427535676
"MMR-","C","T","A","leading",0,24437,6453.05427535676
"MMR-","C","T","C","lagging",2,34405,6453.05427535676
"MMR-","C","T","C","leading",0,51031,6453.05427535676
"MMR-","C","T","G","lagging",10,65134,6453.05427535676
"MMR-","C","T","G","leading",11,65953,6453.05427535676
"MMR-","C","T","T","lagging",0,68199,6453.05427535676
"MMR-","C","T","T","leading",1,90354,6453.05427535676
"MMR-","G","C","A","lagging",19,63220,6453.05427535676
"MMR-","G","C","A","leading",9,61708,6453.05427535676
"MMR-","G","C","C","lagging",15,47636,6453.05427535676
"MMR-","G","C","C","leading",6,57565,6453.05427535676
"MMR-","G","C","G","lagging",33,52587,6453.05427535676
"MMR-","G","C","G","leading",10,43797,6453.05427535676
"MMR-","G","C","T","lagging",23,70004,6453.05427535676
"MMR-","G","C","T","leading",3,70361,6453.05427535676
"MMR-","G","T","A","lagging",5,37481,6453.05427535676
"MMR-","G","T","A","leading",8,36120,6453.05427535676
"MMR-","G","T","C","lagging",4,38768,6453.05427535676
"MMR-","G","T","C","leading",9,43484,6453.05427535676
"MMR-","G","T","G","lagging",11,42957,6453.05427535676
"MMR-","G","T","G","leading",22,32414,6453.05427535676
"MMR-","G","T","T","lagging",3,57518,6453.05427535676
"MMR-","G","T","T","leading",3,59633,6453.05427535676
"MMR-","T","C","A","lagging",3,76448,6453.05427535676
"MMR-","T","C","A","leading",0,93314,6453.05427535676
"MMR-","T","C","C","lagging",3,44655,6453.05427535676
"MMR-","T","C","C","leading",5,67385,6453.05427535676
"MMR-","T","C","G","lagging",5,43794,6453.05427535676
"MMR-","T","C","G","leading",4,47733,6453.05427535676
"MMR-","T","C","T","lagging",0,52417,6453.05427535676
"MMR-","T","C","T","leading",0,71407,6453.05427535676
"MMR-","T","T","A","lagging",0,64194,6453.05427535676
"MMR-","T","T","A","leading",6,58572,6453.05427535676
"MMR-","T","T","C","lagging",5,73855,6453.05427535676
"MMR-","T","T","C","leading",11,105932,6453.05427535676
"MMR-","T","T","G","lagging",8,79609,6453.05427535676
"MMR-","T","T","G","leading",24,74083,6453.05427535676
"MMR-","T","T","T","lagging",0,128811,6453.05427535676
"MMR-","T","T","T","leading",3,160412,6453.05427535676
"WT3610","A","C","A","lagging",2,62758,248920
"WT3610","A","C","A","leading",4,61289,248920
"WT3610","A","C","C","lagging",4,31500,248920
"WT3610","A","C","C","leading",4,39446,248920
"WT3610","A","C","G","lagging",2,44607,248920
"WT3610","A","C","G","leading",2,39287,248920
"WT3610","A","C","T","lagging",2,32817,248920
"WT3610","A","C","T","leading",0,36724,248920
"WT3610","A","T","A","lagging",1,65831,248920
"WT3610","A","T","A","leading",8,72301,248920
"WT3610","A","T","C","lagging",1,70312,248920
"WT3610","A","T","C","leading",3,79426,248920
"WT3610","A","T","G","lagging",8,80118,248920
"WT3610","A","T","G","leading",5,67914,248920
"WT3610","A","T","T","lagging",4,91909,248920
"WT3610","A","T","T","leading",1,88515,248920
"WT3610","C","C","A","lagging",3,37930,248920
"WT3610","C","C","A","leading",4,51511,248920
"WT3610","C","C","C","lagging",4,21836,248920
"WT3610","C","C","C","leading",1,38623,248920
"WT3610","C","C","G","lagging",8,49448,248920
"WT3610","C","C","G","leading",6,59627,248920
"WT3610","C","C","T","lagging",1,36419,248920
"WT3610","C","C","T","leading",2,53283,248920
"WT3610","C","T","A","lagging",3,23915,248920
"WT3610","C","T","A","leading",3,24437,248920
"WT3610","C","T","C","lagging",3,34405,248920
"WT3610","C","T","C","leading",2,51031,248920
"WT3610","C","T","G","lagging",7,65134,248920
"WT3610","C","T","G","leading",6,65953,248920
"WT3610","C","T","T","lagging",3,68199,248920
"WT3610","C","T","T","leading",2,90354,248920
"WT3610","G","C","A","lagging",13,63220,248920
"WT3610","G","C","A","leading",5,61708,248920
"WT3610","G","C","C","lagging",7,47636,248920
"WT3610","G","C","C","leading",4,57565,248920
"WT3610","G","C","G","lagging",15,52587,248920
"WT3610","G","C","G","leading",3,43797,248920
"WT3610","G","C","T","lagging",10,70004,248920
"WT3610","G","C","T","leading",7,70361,248920
"WT3610","G","T","A","lagging",5,37481,248920
"WT3610","G","T","A","leading",8,36120,248920
"WT3610","G","T","C","lagging",4,38768,248920
"WT3610","G","T","C","leading",3,43484,248920
"WT3610","G","T","G","lagging",9,42957,248920
"WT3610","G","T","G","leading",8,32414,248920
"WT3610","G","T","T","lagging",6,57518,248920
"WT3610","G","T","T","leading",5,59633,248920
"WT3610","T","C","A","lagging",7,76448,248920
"WT3610","T","C","A","leading",5,93314,248920
"WT3610","T","C","C","lagging",6,44655,248920
"WT3610","T","C","C","leading",4,67385,248920
"WT3610","T","C","G","lagging",7,43794,248920
"WT3610","T","C","G","leading",4,47733,248920
"WT3610","T","C","T","lagging",2,52417,248920
"WT3610","T","C","T","leading",1,71407,248920
"WT3610","T","T","A","lagging",5,64194,248920
"WT3610","T","T","A","leading",8,58572,248920
"WT3610","T","T","C","lagging",7,73855,248920
"WT3610","T","T","C","leading",20,105932,248920
"WT3610","T","T","G","lagging",4,79609,248920
"WT3610","T","T","G","leading",13,74083,248920
"WT3610","T","T","T","lagging",3,128811,248920
"WT3610","T","T","T","leading",2,160412,248920
"polC","A","C","A","lagging",7,62758,1894.94450943016
"polC","A","C","A","leading",5,61289,1894.94450943016
"polC","A","C","C","lagging",2,31500,1894.94450943016
"polC","A","C","C","leading",8,39446,1894.94450943016
"polC","A","C","G","lagging",6,44607,1894.94450943016
"polC","A","C","G","leading",4,39287,1894.94450943016
"polC","A","C","T","lagging",3,32817,1894.94450943016
"polC","A","C","T","leading",2,36724,1894.94450943016
"polC","A","T","A","lagging",3,65831,1894.94450943016
"polC","A","T","A","leading",6,72301,1894.94450943016
"polC","A","T","C","lagging",4,70312,1894.94450943016
"polC","A","T","C","leading",9,79426,1894.94450943016
"polC","A","T","G","lagging",3,80118,1894.94450943016
"polC","A","T","G","leading",6,67914,1894.94450943016
"polC","A","T","T","lagging",6,91909,1894.94450943016
"polC","A","T","T","leading",2,88515,1894.94450943016
"polC","C","C","A","lagging",14,37930,1894.94450943016
"polC","C","C","A","leading",9,51511,1894.94450943016
"polC","C","C","C","lagging",2,21836,1894.94450943016
"polC","C","C","C","leading",5,38623,1894.94450943016
"polC","C","C","G","lagging",6,49448,1894.94450943016
"polC","C","C","G","leading",17,59627,1894.94450943016
"polC","C","C","T","lagging",5,36419,1894.94450943016
"polC","C","C","T","leading",1,53283,1894.94450943016
"polC","C","T","A","lagging",0,23915,1894.94450943016
"polC","C","T","A","leading",4,24437,1894.94450943016
"polC","C","T","C","lagging",0,34405,1894.94450943016
"polC","C","T","C","leading",4,51031,1894.94450943016
"polC","C","T","G","lagging",9,65134,1894.94450943016
"polC","C","T","G","leading",4,65953,1894.94450943016
"polC","C","T","T","lagging",2,68199,1894.94450943016
"polC","C","T","T","leading",1,90354,1894.94450943016
"polC","G","C","A","lagging",10,63220,1894.94450943016
"polC","G","C","A","leading",11,61708,1894.94450943016
"polC","G","C","C","lagging",4,47636,1894.94450943016
"polC","G","C","C","leading",8,57565,1894.94450943016
"polC","G","C","G","lagging",8,52587,1894.94450943016
"polC","G","C","G","leading",8,43797,1894.94450943016
"polC","G","C","T","lagging",18,70004,1894.94450943016
"polC","G","C","T","leading",18,70361,1894.94450943016
"polC","G","T","A","lagging",4,37481,1894.94450943016
"polC","G","T","A","leading",6,36120,1894.94450943016
"polC","G","T","C","lagging",3,38768,1894.94450943016
"polC","G","T","C","leading",5,43484,1894.94450943016
"polC","G","T","G","lagging",8,42957,1894.94450943016
"polC","G","T","G","leading",5,32414,1894.94450943016
"polC","G","T","T","lagging",2,57518,1894.94450943016
"polC","G","T","T","leading",2,59633,1894.94450943016
"polC","T","C","A","lagging",11,76448,1894.94450943016
"polC","T","C","A","leading",8,93314,1894.94450943016
"polC","T","C","C","lagging",5,44655,1894.94450943016
"polC","T","C","C","leading",8,67385,1894.94450943016
"polC","T","C","G","lagging",8,43794,1894.94450943016
"polC","T","C","G","leading",6,47733,1894.94450943016
"polC","T","C","T","lagging",2,52417,1894.94450943016
"polC","T","C","T","leading",2,71407,1894.94450943016
"polC","T","T","A","lagging",3,64194,1894.94450943016
"polC","T","T","A","leading",6,58572,1894.94450943016
"polC","T","T","C","lagging",5,73855,1894.94450943016
"polC","T","T","C","leading",19,105932,1894.94450943016
"polC","T","T","G","lagging",8,79609,1894.94450943016
"polC","T","T","G","leading",18,74083,1894.94450943016
"polC","T","T","T","lagging",1,128811,1894.94450943016
"polC","T","T","T","leading",6,160412,1894.94450943016
"polC_mutL","A","C","A","lagging",6,62758,230.466224119884
"polC_mutL","A","C","A","leading",3,61289,230.466224119884
"polC_mutL","A","C","C","lagging",4,31500,230.466224119884
"polC_mutL","A","C","C","leading",3,39446,230.466224119884
"polC_mutL","A","C","G","lagging",8,44607,230.466224119884
"polC_mutL","A","C","G","leading",6,39287,230.466224119884
"polC_mutL","A","C","T","lagging",3,32817,230.466224119884
"polC_mutL","A","C","T","leading",5,36724,230.466224119884
"polC_mutL","A","T","A","lagging",7,65831,230.466224119884
"polC_mutL","A","T","A","leading",6,72301,230.466224119884
"polC_mutL","A","T","C","lagging",4,70312,230.466224119884
"polC_mutL","A","T","C","leading",14,79426,230.466224119884
"polC_mutL","A","T","G","lagging",7,80118,230.466224119884
"polC_mutL","A","T","G","leading",18,67914,230.466224119884
"polC_mutL","A","T","T","lagging",4,91909,230.466224119884
"polC_mutL","A","T","T","leading",3,88515,230.466224119884
"polC_mutL","C","C","A","lagging",11,37930,230.466224119884
"polC_mutL","C","C","A","leading",9,51511,230.466224119884
"polC_mutL","C","C","C","lagging",4,21836,230.466224119884
"polC_mutL","C","C","C","leading",4,38623,230.466224119884
"polC_mutL","C","C","G","lagging",10,49448,230.466224119884
"polC_mutL","C","C","G","leading",12,59627,230.466224119884
"polC_mutL","C","C","T","lagging",5,36419,230.466224119884
"polC_mutL","C","C","T","leading",9,53283,230.466224119884
"polC_mutL","C","T","A","lagging",0,23915,230.466224119884
"polC_mutL","C","T","A","leading",5,24437,230.466224119884
"polC_mutL","C","T","C","lagging",1,34405,230.466224119884
"polC_mutL","C","T","C","leading",2,51031,230.466224119884
"polC_mutL","C","T","G","lagging",6,65134,230.466224119884
"polC_mutL","C","T","G","leading",9,65953,230.466224119884
"polC_mutL","C","T","T","lagging",2,68199,230.466224119884
"polC_mutL","C","T","T","leading",3,90354,230.466224119884
"polC_mutL","G","C","A","lagging",13,63220,230.466224119884
"polC_mutL","G","C","A","leading",8,61708,230.466224119884
"polC_mutL","G","C","C","lagging",16,47636,230.466224119884
"polC_mutL","G","C","C","leading",12,57565,230.466224119884
"polC_mutL","G","C","G","lagging",22,52587,230.466224119884
"polC_mutL","G","C","G","leading",19,43797,230.466224119884
"polC_mutL","G","C","T","lagging",16,70004,230.466224119884
"polC_mutL","G","C","T","leading",18,70361,230.466224119884
"polC_mutL","G","T","A","lagging",10,37481,230.466224119884
"polC_mutL","G","T","A","leading",7,36120,230.466224119884
"polC_mutL","G","T","C","lagging",2,38768,230.466224119884
"polC_mutL","G","T","C","leading",9,43484,230.466224119884
"polC_mutL","G","T","G","lagging",5,42957,230.466224119884
"polC_mutL","G","T","G","leading",17,32414,230.466224119884
"polC_mutL","G","T","T","lagging",4,57518,230.466224119884
"polC_mutL","G","T","T","leading",6,59633,230.466224119884
"polC_mutL","T","C","A","lagging",10,76448,230.466224119884
"polC_mutL","T","C","A","leading",9,93314,230.466224119884
"polC_mutL","T","C","C","lagging",7,44655,230.466224119884
"polC_mutL","T","C","C","leading",5,67385,230.466224119884
"polC_mutL","T","C","G","lagging",5,43794,230.466224119884
"polC_mutL","T","C","G","leading",6,47733,230.466224119884
"polC_mutL","T","C","T","lagging",4,52417,230.466224119884
"polC_mutL","T","C","T","leading",6,71407,230.466224119884
"polC_mutL","T","T","A","lagging",5,64194,230.466224119884
"polC_mutL","T","T","A","leading",4,58572,230.466224119884
"polC_mutL","T","T","C","lagging",5,73855,230.466224119884
"polC_mutL","T","T","C","leading",17,105932,230.466224119884
"polC_mutL","T","T","G","lagging",13,79609,230.466224119884
"polC_mutL","T","T","G","leading",22,74083,230.466224119884
"polC_mutL","T","T","T","lagging",3,128811,230.466224119884
"polC_mutL","T","T","T","leading",4,160412,230.466224119884
